GCTCTCTTT,Intermediate,164.3665
GCTCTCTTT,Intermediate,164.3665
GCTCTCTTT,Intermediate,164.3665
GCTCTCTTT,Indica I,155.11604
GCTCTCTTT,Indica I,155.11604
GCTCTCTTT,Aus,146.40305
GCTCTCTTT,Aus,146.40305
GCTCTCTTT,Aus,146.40305
GCTCTCTTT,Aus,146.40305
GCTCTCTTT,Aus,146.40305
GCTCTCTTT,Intermediate,164.3665
GCTCTCTTT,Intermediate,164.3665
GCTCTCTTT,Intermediate,164.3665
ACTGCTTTA,Intermediate,154.87521
GCTTTATGC,Indica I,126.75163
GCTTTATGC,Indica I,126.75163
GCTTTATGC,Indica I,126.75163
ATACGTTTC,Intermediate,149.13654
ATACGTTTC,Intermediate,149.13654
ATACGTTTC,Intermediate,149.13654
GCTCTCTTT,Intermediate,164.3665
ACTGCTTTA,Intermediate,154.87521
AGCATGAGC,Intermediate,158.6004
TAGCCATTT,Indica III,178.46991
ACTGCTTTA,Intermediate,154.87521
